تین	10
ایلیون	11
ٹویلو	12
تھرٹین	13
فورٹین	14
ففٹین	15
سکسٹین	16
سیونٹین	17
ایٹین	18
نائنٹین	19
ٹوینٹی	20
ٹوینٹی اون	21
ٹوینٹی ٹوو	22
ٹوینٹی تھری	23
ٹوینٹی فور	24
ٹوینٹی فیو	25
ٹوینٹی سکس	26
ٹوینٹی سیون	27
ٹوینٹی ایٹ	28
ٹوینٹی نین	29
ٹھرتی	30
ٹھرتی اون	31
ٹھرتی ٹوو	32
ٹھرتی تھری	33
ٹھرتی فور	34
ٹھرتی فیو	35
ٹھرتی سکس	36
ٹھرتی سیون	37
ٹھرتی ایٹ	38
ٹھرتی نین	39
فورٹی	40
فورٹی اون	41
فورٹی ٹوو	42
فورٹی تھری	43
فورٹی فور	44
فورٹی فیو	45
فورٹی سکس	46
فورٹی سیون	47
فورٹی ایٹ	48
فورٹی نین	49
ففٹی	50
ففٹی اون	51
ففٹی ٹوو	52
ففٹی تھری	53
ففٹی فور	54
ففٹی فیو	55
ففٹی سکس	56
ففٹی سیون	57
ففٹی ایٹ	58
ففٹی نین	59
سکسٹی	60
سکسٹی اون	61
سکسٹی ٹوو	62
سکسٹی تھری	63
سکسٹی فور	64
سکسٹی فیو	65
سکسٹی سکس	66
سکسٹی سیون	67
سکسٹی ایٹ	68
سکسٹی نین	69
سیونٹی	70
سیونٹی اون	71
سیونٹی ٹوو	72
سیونٹی تھری	73
سیونٹی فور	74
سیونٹی فیو	75
سیونٹی سکس	76
سیونٹی سیون	77
سیونٹی ایٹ	78
سیونٹی نین	79
ایٹی	80
ایٹی اون	81
ایٹی ٹوو	82
ایٹی تھری	83
ایٹی فور	84
ایٹی فیو	85
ایٹی سکس	86
ایٹی سیون	87
ایٹی ایٹ	88
ایٹی نین	89
نینیٹی	90
نینیٹی اون	91
نینیٹی ٹوو	92
نینیٹی تھری	93
نینیٹی فور	94
نینیٹی فیو	95
نینیٹی سکس	96
نینیٹی سیون	97
نینیٹی ایٹ	98
نینیٹی نین	99