টেন	10
ইলেভেন	11
টুয়েলভ	12
থার্টিন	13
ফোর্টিন	14
ফিফটিন	15
সিক্সটিন	16
সেভেন্টিন	17
আইটিন	18
নাইনটিন	19
টুয়েন্টি	20
টোয়েন্টি	20
টুয়েন্টি ওনে	21
টোয়েন্টি ওনে	21
টুয়েন্টি ত্ব	22
টোয়েন্টি ত্ব	22
টুয়েন্টি থ্রি	23
টোয়েন্টি থ্রি	23
টুয়েন্টি ফোর	24
টোয়েন্টি ফোর	24
টুয়েন্টি ফাইভ	25
টোয়েন্টি ফাইভ	25
টুয়েন্টি সিক্স	26
টোয়েন্টি সিক্স	26
টুয়েন্টি সেভেন	27
টোয়েন্টি সেভেন	27
টুয়েন্টি আইট	28
টোয়েন্টি আইট	28
টুয়েন্টি নাইন	29
টোয়েন্টি নাইন	29
থার্টি	30
থার্টি ওনে	31
থার্টি ত্ব	32
থার্টি থ্রি	33
থার্টি ফোর	34
থার্টি ফাইভ	35
থার্টি সিক্স	36
থার্টি সেভেন	37
থার্টি আইট	38
থার্টি নাইন	39
ফোর্টি	40
ফোর্টি ওনে	41
ফোর্টি ত্ব	42
ফোর্টি থ্রি	43
ফোর্টি ফোর	44
ফোর্টি ফাইভ	45
ফোর্টি সিক্স	46
ফোর্টি সেভেন	47
ফোর্টি আইট	48
ফোর্টি নাইন	49
ফিফটি	50
ফিফটি ওনে	51
ফিফটি ত্ব	52
ফিফটি থ্রি	53
ফিফটি ফোর	54
ফিফটি ফাইভ	55
ফিফটি সিক্স	56
ফিফটি সেভেন	57
ফিফটি আইট	58
ফিফটি নাইন	59
সিক্সটি	60
সিক্সতি	60
সিক্সটি ওনে	61
সিক্সতি ওনে	61
সিক্সটি ত্ব	62
সিক্সতি ত্ব	62
সিক্সটি থ্রি	63
সিক্সতি থ্রি	63
সিক্সটি ফোর	64
সিক্সতি ফোর	64
সিক্সটি ফাইভ	65
সিক্সতি ফাইভ	65
সিক্সটি সিক্স	66
সিক্সতি সিক্স	66
সিক্সটি সেভেন	67
সিক্সতি সেভেন	67
সিক্সটি আইট	68
সিক্সতি আইট	68
সিক্সটি নাইন	69
সিক্সতি নাইন	69
সেভেন্টি	70
সেভেন্টি ওনে	71
সেভেন্টি ত্ব	72
সেভেন্টি থ্রি	73
সেভেন্টি ফোর	74
সেভেন্টি ফাইভ	75
সেভেন্টি সিক্স	76
সেভেন্টি সেভেন	77
সেভেন্টি আইট	78
সেভেন্টি এইট	78
সেভেন্টি নাইন	79
আইটি	80
আইটি ওনে	81
আইটি ত্ব	82
আইটি থ্রি	83
আইটি ফোর	84
আইটি ফাইভ	85
আইটি সিক্স	86
আইটি সেভেন	87
আইটি আইট	88
আইটি নাইন	89
নাইনটি	90
নাইনটি ওনে	91
নাইনটি ত্ব	92
নাইনটি থ্রি	93
নাইনটি ফোর	94
নাইনটি ফাইভ	95
নাইনটি সিক্স	96
নাইনটি সেভেন	97
নাইনটি আইট	98
নাইনটি নাইন	99