టెన్	10
లెవెన్	11
ట్వెల్వ్	12
థర్టీన్	13
ఫోర్టీన్	14
ఫిఫ్టీన్	15
సిక్స్టీన్	16
సెవెంటీన్	17
ఎయిటీన్	18
నైంటీన్	19
ట్వెంటీ	20
ట్వంటీ	20
ట్వెంటీ వన్	21
ట్వంటీ వన్	21
ట్వెంటీ టు	22
ట్వంటీ టు	22
ట్వెంటీ త్రీ	23
ట్వంటీ త్రీ	23
ట్వెంటీ ఫోర్	24
ట్వంటీ ఫోర్	24
ట్వెంటీ ఫైవ్	25
ట్వంటీ ఫైవ్	25
ట్వెంటీ సిక్స్	26
ట్వంటీ సిక్స్	26
ట్వెంటీ సెవెన్	27
ట్వంటీ సెవెన్	27
ట్వెంటీ ఎయిట్	28
ట్వంటీ ఎయిట్	28
ట్వెంటీ నైన్	29
ట్వంటీ నైన్	29
థర్టీ	30
థర్టీ వన్	31
థర్టీ టు	32
థర్టీ త్రీ	33
థర్టీ ఫోర్	34
థర్టీ ఫైవ్	35
థర్టీ సిక్స్	36
థర్టీ సెవెన్	37
థర్టీ ఎయిట్	38
థర్టీ నైన్	39
ఫార్టీ	40
ఫార్టీ వన్	41
ఫార్టీ టు	42
ఫార్టీ త్రీ	43
ఫార్టీ ఫోర్	44
ఫార్టీ ఫైవ్	45
ఫార్టీ సిక్స్	46
ఫార్టీ సెవెన్	47
ఫార్టీ ఎయిట్	48
ఫార్టీ నైన్	49
ఫార్టీ	50
ఫిఫ్టీ వన్	51
ఫిఫ్టీ టు	52
ఫిఫ్టీ త్రీ	53
ఫిఫ్టీ ఫోర్	54
ఫిఫ్టీ ఫైవ్	55
ఫిఫ్టీ సిక్స్	56
ఫిఫ్టీ సెవెన్	57
ఫిఫ్టీ ఎయిట్	58
ఫిఫ్టీ నైన్	59
సిక్స్టీ	60
సిక్స్టీ వన్	61
సిక్స్టీ టు	62
సిక్స్టీ త్రీ	63
సిక్స్టీ ఫోర్	64
సిక్స్టీ ఫైవ్	65
సిక్స్టీ సిక్స్	66
సిక్స్టీ సెవెన్	67
సిక్స్టీ ఎయిట్	68
సిక్స్టీ నైన్	69
సెవెంటీ	70
సెవెంటీ వన్	71
సెవెంటీ టు	72
సెవెంటీ త్రీ	73
సెవెంటీ ఫోర్	74
సెవెంటీ ఫైవ్	75
సెవెంటీ సిక్స్	76
సెవెంటీ సెవెన్	77
సెవెంటీ ఎయిట్	78
సెవెంటీ నైన్	79
ఎయిటీ	80
ఎయిటీ వన్	81
ఎయిటీ టు	82
ఎయిటీ త్రీ	83
ఎయిటీ ఫోర్	84
ఎయిటీ ఫైవ్	85
ఎయిటీ సిక్స్	86
ఎయిటీ సెవెన్	87
ఎయిటీ ఎయిట్	88
ఎయిటీ నైన్	89
నైంటీ	90
నైంటీ వన్	91
నైంటీ టు	92
నైంటీ త్రీ	93
నైంటీ ఫోర్	94
నైంటీ ఫైవ్	95
నైంటీ సిక్స్	96
నైంటీ సెవెన్	97
నైంటీ ఎయిట్	98
నైంటీ నైన్	99
